{"__metadata__":{"format":"cables_obj2json","version":1},"rootnode":{"name":"grass","transformation":[1,0,0,0,0,1,0,0,0,0,1,0,0,0,0,1],"children":[{"name":"grass","transformation":[1,0,0,0,0,1,0,0,0,0,1,0,0,0,0,1],"meshes":[0]}]},"meshes":[{"name":"","vertices":[1.863018,2.613374,4.855733,1.518872,2.613374,4.855733,1.518872,3.285176,4.855733,1.863018,3.285176,4.855733,1.863018,1.269771,4.855733,1.518872,1.269771,4.855733,1.518872,1.941573,4.855733,1.863018,1.941573,4.855733],"normals":[0,0,-1,0,0,-1,0,0,-1,0,0,-1,0,0,-1,0,0,-1,0,0,-1,0,0,-1],"texturecoords":[[0,0.666667,1,0.666667,1,1,0,1,0,0,1,0,1,0.333333,0,0.333333]],"faces":[[0,1,2],[2,3,0],[4,5,6],[6,7,4],[7,6,1],[1,0,7]]}]}